,Title,videoPublishedAt,viewCount,likeCount,commentCount,favoriteCount,duration,categoryId
0,La decoración de la casa del pueblo de mi madre 👀,2026-04-07T19:00:29Z,17833,2545,272,0,PT11M42S,26
1,Rincón de cafecito en el jardín por 60€ ‼️ sofá de la basura 😱,2026-04-03T18:00:22Z,12598,1604,202,0,PT20M3S,26
2,Sofá de jardín en la basura! 😱 voy a la tienda de segunda mano y compro lo que menos buscaba,2026-04-01T19:00:34Z,13659,1557,110,0,PT16M28S,26
3,Mi compra del Action 60€  👀 novedades en decoración y jardín,2026-03-30T18:51:45Z,9942,1144,58,0,PT16M50S,26
4,Tienda gigante de segunda mano ‼️ otras opciones para el jardín,2026-03-27T20:04:06Z,9082,1220,57,0,PT11M,26
5,Montamos la CÓMODA ¡por fin! ¡es una PESADILLA! CAMBIO de TEMPORADA de mi ARMARIO,2026-03-25T19:25:58Z,12827,1668,140,0,PT13M50S,26
6,Conjunto de sofá de jardin de Carrefour 129€ 👉 90€ de segunda mano y 970€ en Stock Americain 😅,2026-03-23T20:36:11Z,12748,1434,177,0,PT27M19S,26
7,Buscando muebles de jardin en 4 tiendas // tienda de segunda mano,2026-03-20T19:00:58Z,9859,1267,108,0,PT19M,26
8,Primavera en el Action 🌷 compras para el Eid,2026-03-18T20:00:23Z,9072,1255,78,0,PT20M14S,26
9,¡ No friego mas! Emocionada con mi nuevo robot aspirador iLife con estacion de descarga 😃,2026-03-16T20:00:08Z,20663,901,97,0,PT12M19S,26
10,"Compra en ALDI 👀 bazar, ofertas y como sushi en el coche 😁🍣",2026-03-13T20:00:08Z,9714,1221,65,0,PT21M47S,26
11,Como madre de familia numerosa hay cosas de casa que no hago igual,2026-03-11T20:00:37Z,11470,1273,108,0,PT25M48S,26
12,Voy a la tienda de segunda mano a buscar muebles de jardin y salgo con ropa 😁,2026-03-09T20:30:19Z,12421,1509,111,0,PT15M22S,26
13,Tu casa huele mal pero tu no lo notas 👉 cómo detectarlo y remediarlo,2026-03-06T19:00:03Z,8142,1153,92,0,PT6M49S,26
14,Nueva tienda de segunda mano ✋🏻 mi hijo de 5 años desmonta mi habitación 😅,2026-03-04T19:43:16Z,11411,1541,128,0,PT11M55S,26
15,Voy a la tienda de segunda mano y al Jysk a buscar una cómoda para mi dormitorio 👀,2026-02-27T19:00:40Z,14933,1754,94,0,PT14M55S,26
16,Cómo organizar una DESPENSA GRANDE para familia muy numerosa,2026-02-25T19:00:31Z,10928,1276,164,0,PT31M10S,26
17,Truco para tener las ventanas sin gotas en climas  lluviosos,2026-02-23T19:00:09Z,7899,1051,83,0,PT10M5S,26
18,Tienda de segunda mano ✋🏻 ofertas y cosas curiosas de Bélgica,2026-02-19T14:00:23Z,10340,1434,89,0,PT12M38S,26
19,La realidad de mi dormitorio con los niños de vacaciones 😅,2026-02-17T19:00:18Z,14233,1482,192,0,PT21M53S,26
20,Ordenar la despensa es ahorrar porque sabes lo que tienes,2026-02-12T12:19:41Z,10514,1289,107,0,PT19M31S,26
21,Voy a la tienda de segunda mano a por una mesa para coser 👀,2026-02-10T19:34:21Z,14286,1501,81,0,PT14M35S,26
22,Aplausos para mi 👏,2026-02-07T13:59:53Z,11151,527,12,0,PT6S,26
23,Limpieza y chisme 😁,2026-02-05T20:48:04Z,11973,459,14,0,PT6S,26
24,"Limpio la recocina 🫧 interrupe un chisme, no me quedo tranquila hasta que me emtero 👀 limpia conmigo",2026-02-05T10:14:41Z,15436,1522,223,0,PT34M1S,26
25,Limpieza y chisme 👀 Rutina de la mañana mientras os cuento cosas 🏡 limpia conmigo,2026-02-03T11:33:20Z,9211,1290,106,0,PT20M59S,26
26,Voy a mi tienda de segunda mano favorita y encuentro ¡un carro para el lavavajillas! Muchos sofás 😱,2026-01-30T19:00:08Z,15892,1688,109,0,PT17M54S,26
27,Mi marido va a la compra 👉 ¿lo habrá hecho bien  o no mira precios? 👀,2026-01-26T19:00:57Z,11260,1522,115,0,PT12M35S,26
28,Me cuesta mucho enfrentarme a esto 👉 empiezo a despejar el trastero y me bloqueo,2026-01-21T19:00:48Z,12684,1512,228,0,PT27M19S,26
29,Tiendas de segunda mano 👉 Voy a un krinwinkel nuevo y acabo en Wibra,2026-01-19T18:00:56Z,12347,1532,101,0,PT16M6S,26
30,CAMBIO RADICAL 👉 rincón de juegos para los niños en el ático,2026-01-16T18:01:00Z,11126,1580,162,0,PT23M37S,26
31,Super chollos en la tienda de segunda mano 👉 molinillo antiguo y platos de tarta 😃❤️,2026-01-12T19:17:26Z,13856,1456,92,0,PT19M53S,26
32,Compra en el Action con giro inesperado 👉 encuentro una gotera en casa 😱,2026-01-09T18:27:29Z,12373,1558,96,0,PT14M,26
33,CAMBIO RADICAL 😱 de trastero a cuarto de costura 👈,2026-01-05T18:54:04Z,16610,2023,144,0,PT24M25S,26
34,Muchas cosas extrañas y curiosas en la tienda de segunda mano 👀,2026-01-02T19:00:55Z,13325,1619,90,0,PT16M,26
35,Como limpio los hornillos de acero inoxidable para dejarlos brillantes 👉 truco del aceite,2025-12-29T18:11:16Z,5899,827,86,0,PT6M45S,26
36,Tienda de segunda mano ✨️ precios de risa y antiguedades únicas 😱,2025-12-26T19:00:28Z,15554,1486,120,0,PT15M46S,26
37,Encuentro aislante para la buhardilla ¡en la tienda de segunda mano!,2025-12-16T18:28:03Z,12132,1351,75,0,PT25M34S,26
38,Para que luego diga que no le cuido 🤣🤣,2025-12-10T21:01:03Z,15177,631,27,0,PT16S,26
39,Le he pillado comiendo chocolate 😅,2025-12-10T18:24:09Z,11882,546,33,0,PT16S,26
40,Compra de despensa de emergencia de familia numerosa con precios en Bélgica/ Colruit 273€,2025-12-10T18:02:12Z,11426,1461,95,0,PT16M,26
41,Mis favoritos de limpieza del Action 👀,2025-12-02T17:49:08Z,6152,709,54,0,PT8M43S,26
42,MUEBLES A 1€ en la TIENDA de SEGUNDA MANO,2025-11-26T15:06:46Z,16676,1615,127,0,PT15M13S,26
43,Contesto comentarios sobre mi buhardilla ➡️ cuanto invertir cuando la casa no es tuya 👀 cafecito,2025-11-20T09:49:48Z,9751,1321,190,0,PT16M7S,26
44,Primer cafecito en la buhardilla de mi casa 🏡,2025-11-18T08:52:58Z,8727,1257,199,0,PT13M53S,26
45,Estufa eléctrica con efecto fuego,2025-11-17T16:03:28Z,10129,1268,182,0,PT19M53S,26
46,"Cómo limpiar de bichos un sitio que ha estado cerrado mucho tiempo 😱 arañas, avispas, ....",2025-11-14T17:21:55Z,6647,936,119,0,PT14M15S,26
47,Cambio radical de la buhardilla low cost ✨️ mi lugar del olvido  👀,2025-11-10T18:41:33Z,18077,2230,361,0,PT34M12S,26
48,Recojo en cuarto de los niños mientras os cuento chismes ✨️ limpia conmigo,2025-11-07T19:36:53Z,13092,1477,180,0,PT20M2S,26
49,Voy a una tienda de segunda mano gigante y encuentro un tesoro y ropa para mi nuevo look 🤓,2025-10-31T18:01:09Z,18545,1956,91,0,PT12M26S,26
50,Vemos un raton en la cocina y voy a comprar una trampa ¿que solución es mejor?,2025-10-28T17:01:47Z,9266,1225,180,0,PT10M28S,26
51,Como se saca la prensa de la cafetera Delongui para limpiarla,2025-10-25T21:07:28Z,6509,225,3,0,PT16S,26
52,"Limpieza profunda de la maquina de café Delongui Magnifica ➡️ interior, prensa y descalcificación",2025-10-24T19:55:20Z,7454,935,84,0,PT23M18S,26
53,Super cambio sólo con una alfombra 👀 cine en casa 😎Temu siempre me decepciona,2025-10-21T19:01:09Z,13407,1802,207,0,PT12M46S,26
54,Consigo por 250 un sillon de masaje de 5000 en la tienda de segunda mano 😱,2025-10-16T19:01:58Z,14452,1730,208,0,PT21M28S,26
55,¿Que es esto? tienda de segunda mano,2025-10-16T18:00:24Z,6932,304,17,0,PT15S,26
56,Lo más caro que he visto en una tienda de segunda mano,2025-10-16T16:00:19Z,5847,277,9,0,PT13S,26
57,tesoros en la tienda de segunda mano 😃,2025-10-16T14:31:32Z,4293,247,10,0,PT15S,26
58,Cosas sin estrenar en la tienda de segunda mano 😃 lo más caro y lo más barato que he visto aqui,2025-10-14T19:01:01Z,13261,1595,92,0,PT18M24S,26
59,Contesto comentarios 👌 soy muy obediente,2025-10-14T17:46:29Z,18455,1054,98,0,PT47S,26
60,Con 4 cosas del Action CAMBIO RADICAL de mi entrada ¡muy barato! Mejor hecho que perfecto,2025-10-12T16:52:41Z,16190,2067,309,0,PT22M56S,26
61,Uyuyuy,2025-10-09T18:57:18Z,15271,553,23,0,PT15S,26
62,Cómo quitar el ÓXIDO muy FÁCIL 👉 pruebo 3 TRUCOS y uno es 10 de 10 ✨️,2025-10-09T17:46:39Z,8811,1143,130,0,PT12M23S,26
63,No quiero pedir ayuda porque es secreto,2025-10-09T07:18:54Z,7927,463,21,0,PT11S,26
64,Probando la atornilladora por primera vez,2025-10-08T19:50:13Z,5629,393,24,0,PT12S,26
65,Mi marido no quería pero lo hice en secreto 👀Cambio el estor de sitio porque bloquea la ventana,2025-10-07T16:29:38Z,13521,1919,329,0,PT17M41S,26
66,preparándome para la guerra,2025-10-05T20:00:06Z,3845,349,27,0,PT22S,26
67,Limpieza diaria de mi dormitorio ✨️ os enseño cómo limpio el deposito de mi aspiradora ULTENIC U20,2025-10-05T18:00:18Z,10500,1369,91,0,PT20M24S,26
68,preparándome para una hora intensiva de limpieza,2025-10-05T17:35:47Z,2902,273,12,0,PT22S,26
69,Lámpara de mesillas del Lidl,2025-10-03T16:01:26Z,12667,452,15,0,PT12S,26
70,Señora se tira un peo en el supermercado,2025-10-03T12:01:37Z,9326,412,40,0,PT11S,26
71,Le gusta colgar todo muy alto,2025-10-03T09:01:35Z,10020,523,28,0,PT16S,26
72,Cuando los maridos se quejan por todo,2025-10-02T20:00:24Z,14196,680,21,0,PT11S,26
73,El expectativa realidad de Temu nunca dejará de sorprenderme,2025-10-02T16:01:28Z,3855,358,14,0,PT44S,26
74,LIMPIEZA EXTREMA en el salón una hora💪🏻 POWER HOUR 👈Antes y después room tour ➡️ MOTIVATIE A LIMPIAR,2025-10-02T14:36:58Z,15436,1906,202,0,PT16M51S,26
75,Cojines de Temu para mi rincón marroquí,2025-10-02T08:05:40Z,3428,237,12,0,PT22S,26
76,Hoy os llevo al lidl a buscar ofertasss,2025-09-30T20:12:19Z,13446,521,17,0,PT9S,26
77,Rincon marroqui,2025-09-30T17:36:41Z,9911,398,23,0,PT10S,26
78,Hoy vamos a hacer la compra y buscar ofertas en Lidl ( Bélgica ) Compra para familia numerosa,2025-09-30T17:36:02Z,12604,1457,91,0,PT16M41S,26
79,Estos maniquíes cuestan una Pasta,2025-09-28T21:00:20Z,9421,287,7,0,PT9S,26
80,Unboxing de Temu,2025-09-28T19:00:38Z,10142,483,18,0,PT10S,26
81,Muñecas que dan miedo... Pero...,2025-09-28T17:00:32Z,3878,304,18,0,PT30S,26
82,antes/después➡️Con 4 cojines transfotmo el desastre de casa en un rincón marroqui🫖la pelea de gorros,2025-09-28T13:39:03Z,20836,1953,349,0,PT21M31S,26
83,Candelabros para mi rincón Marroquí,2025-09-28T13:06:32Z,6664,363,17,0,PT16S,26
84,Que opinais Gentecika!!?,2025-09-27T17:42:41Z,6295,353,16,0,PT18S,26
85,Algo interesante encontraremos,2025-09-26T18:15:02Z,9092,672,24,0,PT35S,26
86,Voy a mi tienda de segunda mano favorita y estaba lleno de tesoros hoy  👀,2025-09-25T17:29:34Z,29183,2151,190,0,PT29M41S,26
87,mis dos personalidades conviviendo un dia cualquiera,2025-09-25T13:55:29Z,13231,1087,91,0,PT52S,26
88,Empiezo a vaciar el trastero 😐 ropa y calzado de invierno de una familia de 8,2025-09-22T16:46:06Z,13330,1631,122,0,PT15M15S,26
89,Conversaciones con la cortina 😄,2025-09-20T19:39:49Z,8174,509,13,0,PT32S,26
90,Montamos la habitacion de la princesa de la casa   💫sola entre 5 hermanos 👀 muebles de IKEA,2025-09-19T17:21:33Z,23721,2297,252,0,PT14M58S,26
91,Dormía en un sótano y por fin tengo un dormitorio de verdad 😭 cambio radical de mi cuarto ❤️,2025-09-17T16:07:12Z,22145,2967,441,0,PT31M56S,26
92,Cambio radical por poco dinero del dormitorio infantil 👀,2025-09-15T19:40:40Z,25581,3125,294,0,PT31M27S,26
93,Buscando camas por varias tiendas ➡️ segunda mano o nuevas 🤔,2025-09-10T17:43:01Z,15595,1832,209,0,PT18M3S,26
94,Dormimos en el suelo y voy a por camas a Ikea 👀 Os enseño toda la tienda,2025-09-08T17:02:11Z,22397,2228,174,0,PT25M14S,26
95,Limpiando conmigo mi salón nuevo #resultado #antesydespues,2025-09-07T08:22:54Z,11214,468,22,0,PT13S,26
96,estoy en Ikea. Que debería comprar?,2025-09-06T08:23:36Z,18496,977,54,0,PT27S,26
97,Recogiendo salón 👀,2025-09-05T10:19:09Z,9801,547,22,0,PT11S,26
98,Limpiando el salón ✨️ una mala noticia 😔 rutina de limpieza después de la vuelta al cole,2025-09-04T19:03:29Z,19930,2074,277,0,PT24M41S,26
99,Voy a otra tienda de segunda mano a buscar muebles y compro ropa 😅💃,2025-09-01T18:10:27Z,17103,2003,131,0,PT11M28S,26
100,Limpia conmigo ⭐️ Rutina de limpieza nocturna 💫 pongo luz de encimera  👀 limpio mi cocina a las 23h,2025-08-28T17:45:37Z,13230,1699,171,0,PT19M54S,26
101,Cuantas plantas tengo en casa,2025-08-28T14:37:12Z,9467,638,35,0,PT45S,26
102,Lo he roto pero no lo he roto 🤣🤣,2025-08-25T21:28:27Z,15216,558,37,0,PT7S,26
103,Antes y después 👉 reorganizo mi cuarto y el de los niños 🏡 armario de IKEA de segunda✋️,2025-08-25T19:37:19Z,22198,2343,284,0,PT22M47S,26
104,¿list@s para el chisme!? en @CafecikoconCintika,2025-08-22T07:28:51Z,14485,802,52,0,PT8S,26
105,Decorando mi cocina de arriba ⭐️ no la encuentro 😭 Unboxing del microondas Lidl Silvercrest verde 💚,2025-08-21T18:20:20Z,17937,2056,203,0,PT17M,26
106,Antes y después: cambio radical del salón con una tela y unos cojines 😱,2025-08-18T18:20:17Z,25426,3019,488,0,PT21M22S,26
107,Antes y después 👀Por fin arreglo mi rincón de costura y plancha 👉 trabajo en equipo,2025-08-14T14:25:44Z,22927,2529,274,0,PT23M16S,26
108,La crema de dia que uso 😃,2025-08-11T20:06:15Z,8687,374,16,0,PT15S,26
109,Cama de segunda mano y taburetes de IKEA 🛏Mi trastero desastrero 🏠 me planteo quedarme con él,2025-08-11T18:33:53Z,20093,2124,142,0,PT13M3S,26
110,Problemilla en la ducha ¿Que hago?,2025-08-09T16:39:58Z,10862,510,73,0,PT43S,26
111,Vamos al Jysk y al Krinwinkel a mirar armario y camas para la casa nueva  👀,2025-08-08T18:07:09Z,22788,2222,163,0,PT18M2S,26
112,Por fin puedo planchar agusto,2025-08-08T17:47:34Z,21450,975,48,0,PT14S,26
113,Rincones de la casa que me falta por definir 👉 ideas,2025-08-07T08:59:06Z,10774,624,20,0,PT15S,26
114,Necesito una placha nueva 🙄El rincón desastre de la casa 👉 el plan mientras plancho y coloco la ropa,2025-08-06T16:18:22Z,14336,1752,159,0,PT16M37S,26
115,Esta es mi segunda cocina mini,2025-08-06T16:12:20Z,12271,556,38,0,PT16S,26
116,Los medicamentos al alcance de los niños,2025-08-05T12:45:20Z,8088,736,36,0,PT1M31S,26
117,Os enseño La cocina de arriba 👉 limpia conmigo 💫 limpiando con alergia,2025-08-04T18:11:59Z,18473,2215,285,0,PT16M15S,26
118,Última limpieza y retoques antes de dejar la casa 🏡 cerramos una etapa y abrimos otra 😢 Action,2025-07-31T17:31:27Z,16438,1874,135,0,PT12M39S,26
119,Buscando tesoros de segunda mano con mi prima de España 😃 primera vez que ve un Kringwinkel,2025-07-28T19:10:44Z,20491,2108,149,0,PT17M2S,26
120,De repente siento que tengo 15 años 💃 Solo los de mi edad lo entenderán 😅,2025-07-26T16:32:42Z,25827,2084,279,0,PT43S,26
121,Limpia conmigo ✨️ rutina de limpieza en mi casa nueva 👉 salón y cocina,2025-07-25T19:32:36Z,19808,1909,312,0,PT42M40S,26
122,Voy a la tienda de segunda mano a mirar muebles,2025-07-23T19:05:17Z,17001,2055,153,0,PT13M30S,26
123,Limpio y ordeno el garaje para hacer una zona de lavandería,2025-07-21T18:57:35Z,17221,2006,264,0,PT17M50S,26
124,✔️ Limpia conmigo ✨️ Cómo limpio mi cuarto cuando tengo ataque de alergia por los ácaros del polvo 🤧,2025-07-18T18:44:11Z,15460,1784,198,0,PT12M42S,26
125,Desmonto la despensa 👉 empiezo a agobiarme 👀 aspirador Ultenic U16 en oferta,2025-07-16T14:07:19Z,16056,1849,181,0,PT13M37S,26
126,Cómo limpio los hornillos a fondo por primera vez  sin muchos recursos en medio de una mudanza,2025-07-14T14:17:52Z,11568,1416,241,0,PT14M52S,26
127,parece chiste pero es anécdota 😅,2025-07-13T08:15:03Z,41041,2081,140,0,PT29S,26
128,Voy al Kringwinkel sólo a mirar y ¡compro muebles de segunda mano para mi casa nueva por 12€! 😱,2025-07-11T18:40:01Z,23487,2353,154,0,PT17M5S,26
129,Limpieza de la segunda planta de mi casa nueva 👉 aspiradora Ultenic ✨️ colocando cosas del baño,2025-07-09T17:44:16Z,22939,2497,235,0,PT20M44S,26
130,Ordenando y limpiando mi cocina nueva 😃 me cuesta pensar la ubicación de las cosas,2025-07-07T12:31:03Z,21039,2520,419,0,PT17M26S,26
131,"Todo bien, todo correcto ✔️ 👍🏻",2025-07-04T19:14:22Z,16649,885,152,0,PT13S,26
132,Limpiando a fondo mi casa nueva: la habitación de matrimonio ❤️,2025-07-04T14:25:09Z,23141,2411,357,0,PT14M12S,26
133,Encontrar tesoros valiosos a precio de ganga en la Tienda de segunda mano,2025-06-15T16:42:19Z,21124,1445,218,0,PT35M39S,26
134,Aunque resisto tentaciones me gasto 128€ en el Action de Holanda 😲,2025-06-08T17:05:20Z,13708,1303,81,0,PT14M2S,26
135,Socorrooooo 👀 voy a la tienda de segunda mano y las tentaciones se apoderan de mi,2025-05-28T18:51:06Z,19281,1636,221,0,PT22M28S,26
136,Me compro ropa de segunda mano 💃,2025-05-14T14:53:33Z,14064,1408,189,0,PT17M43S,26
137,Organizacion del hogar los lunes: Hazte un menú semanal y olvídate,2025-05-12T12:32:54Z,5445,791,76,0,PT11M23S,26
138,Organización desorganizada 😅 demasiadas cosas por hacer ☕️ pero siempre hay tiempo de cafeciko,2025-05-09T11:54:19Z,8318,1113,123,0,PT14M28S,26
139,Porqué no puedo quedarme esta casa para trabajar 👀 Cafeciko con Cintika,2025-05-07T11:19:52Z,10888,1437,293,0,PT17M12S,26
140,Compra semanal de familia numerosa Lidl ✔️🍎🥫🍫💰,2025-05-05T12:10:36Z,10897,1233,116,0,PT15M6S,26
141,Cambio de armario porque llega el calor 📦Trasteando en el trastero,2025-05-02T15:18:08Z,8541,1076,90,0,PT14M12S,26
142,Os enseño mi kit de supervivencia y como usarlo correctamente 🤣🤣,2025-05-02T13:56:54Z,13349,433,21,0,PT11S,26
143,Te enseño mi mochila de emergencia (de hace 2 años) ➡️ Kit que nos recomienda la UE,2025-04-30T13:01:35Z,7160,861,128,0,PT26M48S,26
144,Plan eficiente de mudanza 📦 cafeciko con Cintika,2025-04-25T15:33:59Z,11063,1429,189,0,PT19M39S,26
145,Nos vamos a mudar y se acercan conflictos culturales con la funcionalidad de los espacios,2025-04-23T12:10:15Z,20767,2292,587,0,PT14M22S,26
146,Sobre la ubicación de la casa nueva 🏡,2025-04-21T11:12:00Z,17464,2001,340,0,PT14M11S,26
147,No puedo comprar cosas porque me mudo ✋🏻voy a la Tienda de segunda mano a por una tabla de planchar,2025-04-18T12:57:04Z,15823,1653,135,0,PT12M43S,26
148,La casa nueva 🏡,2025-04-16T11:59:37Z,18764,2040,480,0,PT17M33S,26
149,Voy a hacer la Compra semanal al  Lidl + tantas novedades de manualidades en el Action,2025-04-14T12:56:16Z,9069,1057,78,0,PT13M52S,26
150,Decoración para mi porche en la tienda de SEGUNDA MANO ✋️,2025-04-11T13:39:24Z,11735,1299,150,0,PT17M17S,26
151,Estoy desorganizada 🙈Cafeciko con Cintika en nueva ubicación ☕️,2025-04-09T11:55:12Z,9415,1272,179,0,PT11M55S,26
152,Limpiando a fondo la COCINA: RESET de primavera de la casa,2025-04-07T14:27:36Z,8915,1076,124,0,PT19M6S,26
153,ACTION: Zona de manualidades gigante 😃 cocina y decoración,2025-04-03T12:31:50Z,5852,806,43,0,PT11M17S,26
154,Una tienda nueva de SEGUNDA MANO: peluche gigante / cosas de cristal / PRECIOS altos!,2025-04-02T14:10:28Z,14695,1457,93,0,PT19M15S,26
155,Limpieza extrema de primavera 👀 como limpian en Marruecos a fondo 😱,2025-04-01T11:09:34Z,6842,934,116,0,PT13M22S,26
156,Vuelve el cafeciko con Cintika: menú semanal,2025-03-31T09:03:52Z,6151,967,116,0,PT12M37S,26
157,Encuentro TESOROS en la tienda de segunda mano en Bélgica ❤️😃 oferta de aspiradora limitada!,2025-03-28T19:49:34Z,10187,1285,75,0,PT13M4S,26
158,"Action: nueva sección de suplementos, manualidades, novedades en vajillas, ofertas",2025-03-27T16:41:59Z,6452,894,48,0,PT11M33S,26
159,Limpiando el salón bajo presión 🧽 aspiradora de oferta Ultenic U16,2025-03-26T13:00:04Z,8539,1019,95,0,PT12M46S,26
160,Compra en Lidl para familia numerosa 😃 zona bazar hogar,2025-03-24T13:36:48Z,12719,1279,79,0,PT19M24S,26
161,He descubierto que tenía que hacer esto a los 46 años,2025-03-21T13:18:35Z,10464,1149,209,0,PT21M58S,26
162,¿Que fregasuelos es mejor ⁉️ Hoy lo ponemos a prueba,2025-03-20T12:23:57Z,6749,885,268,0,PT23M46S,26
163,Os he hecho caso: el mejor chollo que he comprado este mes 😁,2025-03-19T12:23:12Z,11258,1457,215,0,PT10M48S,26
164,Tienda de segunda mano en Bélgica: siempre sales con algo diferente a lo que vas a buscar,2025-03-18T13:39:45Z,10533,1251,93,0,PT17M16S,26
165,Esto nos ha cambiado la vida ➡️ descubrimientos de productos que funcionan súper útiles,2025-03-17T12:54:11Z,13504,1550,187,0,PT18M3S,26
166,Por esto hemos quitado las gallinas 😞,2025-03-14T12:10:26Z,17113,1947,188,0,PT10M39S,26
167,Cómo afrontar las labores de la casa cuando no tienes el día,2025-03-13T12:04:45Z,9724,1536,221,0,PT11M33S,26
168,Doblando montañas de ropa de familia numerosa,2025-03-12T12:27:36Z,7045,984,112,0,PT18M24S,26
169,Duda sal de mi cuerpo‼️,2025-03-11T19:00:34Z,3939,286,8,0,PT15S,26
170,como me hacen esto!?,2025-03-11T13:01:03Z,5008,332,8,0,PT15S,26
171,"No me gusta el minimalismo, lo confieso",2025-03-11T12:05:50Z,8277,1187,208,0,PT14M47S,26
172,"Batidora de jarra Bosh 1200w. UNBOXING y REVIEW, hago batido típico de Marruecos",2025-03-10T12:00:24Z,6899,900,105,0,PT16M1S,26
173,Platos preciosos para Ramadan,2025-03-07T19:18:06Z,7576,413,12,0,PT12S,26
174,Este era el sueño de mi madre ✨️ os llevo de tiendas a Holanda,2025-03-07T12:00:46Z,9239,1145,71,0,PT11M45S,26
175,Voy a por una batidora y vuelvo con platos carísimos 😓,2025-03-06T12:52:47Z,16573,1575,187,0,PT27M2S,26
176,Comentarios pesados de aguantar,2025-03-05T20:44:07Z,16493,882,54,0,PT15S,26
177,Porque ya no hablo de mi religión ‼️Limpiando la cocina mientras charlamos 😃,2025-03-05T12:05:00Z,14006,1413,319,0,PT31M48S,26
178,La última vez que lo hago así 😒 no lo llevo bien,2025-03-04T12:00:22Z,9172,1061,104,0,PT22M9S,26
179,Nuestro conejito 🐇 caprichoso,2025-03-04T11:42:10Z,2842,362,22,0,PT16S,26
180,Este es el panorama que tengo 😓 ganas cero,2025-03-03T12:00:56Z,11924,1371,105,0,PT21M4S,26
181,Truco: quitando rotulador permanente de la pared con laca,2025-03-02T20:05:20Z,13126,302,13,0,PT15S,26
182,Truco para manchas de tinta + unboxing de vinted + pongo el lavavajillas,2025-03-02T12:18:18Z,4810,682,69,0,PT11M52S,26
183,"La sinceridad de los niños, gorro de Temu 😅",2025-03-01T19:45:19Z,15624,817,29,0,PT31S,26
184,"HAUL: flores de tela, peluca, jeringuilla gigante, vestido 👗...",2025-02-27T12:01:08Z,6958,976,110,0,PT11M32S,26
185,Mis hijos compran un sofá por 1 euro y lo traen solos 😅,2025-02-26T12:01:06Z,16172,1858,124,0,PT11M58S,26
186,Menú semanal fácil y rápido para no tener que pensar 📢 llega RAMADAN‼️,2025-02-24T12:15:08Z,5658,743,118,0,PT13M44S,27
187,"Aspirador para colchones JIGOO T600: aspiración, iones, luz UV, calor, ultrasonidos y perfume ‼️",2025-02-22T13:40:50Z,7117,777,92,0,PT20M57S,26
188,"Unboxing TEMU: servir comida, pajaritos para la ventana, juguetes para la caja de la calma",2025-02-20T11:51:36Z,5276,817,85,0,PT11M54S,26
189,Cosas que hacían nuestras madres y abuelos y hoy en día no se hacen,2025-02-19T10:00:49Z,5756,845,155,0,PT14M37S,26
190,Hay algo que no puede faltar en tu cocina,2025-02-14T11:09:50Z,9064,1060,127,0,PT22M15S,26
191,Mi organización con 6 hijos 🚫 me gusta meterme en líos ⚠️  no puede llover a gusto de todos,2025-02-10T10:18:26Z,8136,1078,235,0,PT19M11S,26
192,Porque tengo los muebles tan mal si son tan baratos aquí 🇧🇪 Decoración de casa con niños pequeños,2025-01-28T10:00:21Z,10767,1387,221,0,PT15M32S,26
193,No te acostumbres a vivir mal ▶️ cómo solucionar las cosas que van con trucos en casa,2025-01-27T10:00:08Z,11249,1321,133,0,PT16M17S,26
194,Compro muebles mini en la tienda de segunda mano para mi cuarto mini del sótano 😲 #Bélgica,2025-01-26T11:00:45Z,17642,1856,183,0,PT12M11S,26
195,Se me da fatal y es la gran espina que tengo clavada: las plantas 😔,2025-01-24T12:04:02Z,8774,1133,242,0,PT18M53S,26
196,Me timaron ‼️ Me están rumiando la cabeza ▶️la cabrá siempre tira al monte,2025-01-22T10:17:10Z,12323,1451,194,0,PT13M32S,26
197,No puedes comprar un FUTON sin saber esto: pros y contras sobre el colchón japonés ✔️,2025-01-19T19:07:13Z,13452,1096,120,0,PT27M46S,26
198,📢 cómo organizamos las tareas del hogar y las finanzas de 6 niños desde 3 a 14 años,2025-01-15T10:00:18Z,11829,1470,208,0,PT20M51S,26
199,MENÚ semanal con INTELIGENCIA ARTIFICIAL ✨️ No sabes lo que tienes hasta que lo pierdes,2025-01-09T10:00:21Z,6921,983,110,0,PT15M18S,26
200,✨️Cuesta de enero: trucos para ahorrar y pasar el mes más desahogado,2025-01-07T10:00:39Z,10654,1190,151,0,PT17M29S,26
201,#HAUL de SHEIN: Las cestas de ropa para mi ARMARIO nuevo 👉 REGALO para mi hija 🎁 ¿silicona toxica?,2024-12-25T14:29:55Z,12121,1486,145,0,PT25M46S,26
202,Porqué no he pintado el sótano antes de poner mi habitación 😱 hay que explicarlo todo 😅,2024-12-23T11:29:21Z,11369,1493,171,0,PT12M16S,26
203,✨️ te SORPRENDERÁ este ARMARIO para el hueco de la ESCALERA 📢 lo monto con ayudantes de LUJO 👀,2024-12-22T15:06:18Z,10277,1473,163,0,PT26M22S,26
204,Cómo limpio el sótano 📢 Limpieza extrema: 4 años sin limpiar esto 😱 nunca enseñé este cuarto,2024-12-15T15:58:40Z,13277,1533,181,0,PT24M22S,26
205,Súper unboxing de Shein 💰 el que más me he gastado 😲 muchísimas cosas variadas,2024-12-14T14:04:11Z,12422,1413,179,0,PT33M43S,26
206,Hoy empezamos movimientos 😃,2024-12-12T10:36:29Z,9645,1291,122,0,PT15M38S,26
207,"Limpiando la cocina, luces de crecimiento para plantas para iluminar mi cocina 😃",2024-12-08T15:00:40Z,6425,948,82,0,PT10M57S,26
208,160€ 📢 Compra en un ACTION gigante para el TRASTERO 🚗 pruebo AURICULARES para grabar en el coche,2024-12-07T18:47:37Z,7995,1089,64,0,PT11M51S,26
209,Chivatazo: Os cuento si conseguí entrar en el trastero y prueba de imagen con samsung S23 ultra,2024-12-06T11:11:48Z,9417,1202,156,0,PT16M52S,26
210,Mis compras chollo de segunda mano 😃 el plan con mi hermana este fin de semana,2024-12-05T11:36:37Z,14454,1555,174,0,PT24M25S,26
211,Spoiler: he visto el trastero y tengo noticias frescas 🤭,2024-12-02T12:52:55Z,10726,1553,189,0,PT10M34S,26
212,Hemos tenido una fiesta en casa y ahora toca limpiar 😃,2024-12-01T17:27:06Z,11228,1355,137,0,PT25M39S,26
213,Lo que con amor se hace con amor se quita 😅 ❤️,2024-11-30T14:28:04Z,7194,410,37,0,PT15S,26
214,Es hoy! es hoy! Voy a ver la casa de alquiler,2024-11-26T11:04:41Z,10368,1368,162,0,PT11M44S,26
215,Compra en supermercado típico de Bélgica: Delaize. Es un poco caro pero abre los domingos 😃💰 mochis,2024-11-24T14:36:22Z,6342,900,67,0,PT11M49S,26
216,Así es la realidad del fin de semana con 6 niños 😥 novedades de la casa que quiero alquilar,2024-11-23T18:58:15Z,9568,1251,139,0,PT14M23S,26
217,Limpio mis alfombras y alucino lo que sale 😱mi nueva aspiradora de gran potencia y codo de ULTENIC,2024-11-20T10:30:14Z,8623,956,89,0,PT12M52S,26
218,Tienda de segunda mano: Las figurillas ya no se llevan 😅,2024-11-20T09:00:52Z,2076,201,7,0,PT15S,26
219,Tienda de segunda mano: jarrones,2024-11-19T21:00:22Z,1747,183,5,0,PT16S,26
220,Cafeciko: la mejor marca de café ☕️ mi casa esta demasiado sucia para esto 🪠El conejo y su chalet 🐰,2024-11-19T11:00:28Z,9924,1156,122,0,PT22M,26
221,Tienda de segunda mano: botes de cristal a 2 €,2024-11-19T10:35:26Z,1747,184,10,0,PT15S,26
222,Ordenando el sótano 😥,2024-11-18T15:21:00Z,2492,261,14,0,PT15S,26
223,"Arrancamos el lunes: menú semanal, recetas con pomelo, la caseta tapa la ventana ❤️",2024-11-18T10:29:25Z,6529,995,97,0,PT13M25S,26
224,Limpieza extrema del sótano: hueco de la escalera 😱 encuentro reliquias 📢 me desinflo 😥 es un timo,2024-11-17T14:23:44Z,12254,1395,174,0,PT12M29S,26
225,Tienda de segunda mano 📢 muchas cosas curiosas ¿esto que es? 🤔 cestas y botes para mi despensa,2024-11-16T15:26:28Z,9628,1114,66,0,PT16M16S,26
226,La fórmula del éxito social 😃,2024-11-16T13:39:27Z,2843,365,15,0,PT15S,26
227,Solución para tapar las bicis de la lluvia 😃,2024-11-13T09:31:58Z,4428,447,22,0,PT15S,26
228,Eso es para grabarlo 😅,2024-11-11T18:29:33Z,2495,275,14,0,PT15S,26
229,CAMBIO RADICAL de mi patio 😱 nueva casa del conejo,2024-11-10T13:55:38Z,14213,1545,245,0,PT15M43S,26
230,Me tiene que merecer la pena mudarme,2024-11-09T20:02:02Z,4976,554,19,0,PT15S,26
231,"Compra en el Action Bélgica: me obligan al autopago 😠gusanos, humificador, limpieza, Navidad  ....",2024-11-09T15:18:32Z,7914,1018,68,0,PT13M21S,26
232,Medidor de calidad de aire ✅️,2024-11-08T21:21:03Z,1573,167,11,0,PT31S,26
233,Cafeciko con Cintika todas las mañanas desayunamos y charlamos de lunes a viernes ❤️,2024-11-08T19:09:35Z,3068,377,13,0,PT11S,26
234,Subida brusca de alquileres en Bélgica 😱 fracaso del consultorio 🚫 cafeciko con gallo 🐓,2024-11-06T10:01:55Z,8809,1252,166,0,PT17M39S,26
235,📢 Vestir el salón con mantel y alfombra 😃 ¡parece otro! 👌 unboxing de Shein,2024-11-03T17:14:11Z,12553,1562,172,0,PT12M48S,26
236,📢 Mi nueva mesa con altura ajustable eléctrica de FlexiSpot 😃,2024-11-01T20:35:38Z,8808,1129,102,0,PT10M52S,26
237,Una historia de señales de mi pasado planchando #storytime,2024-10-29T08:59:55Z,9151,1192,138,0,PT20M52S,26
238,Como hacer un invernadero low cost con mucho amor y madera reciclada 🏡❤️,2024-10-27T17:25:00Z,9132,1181,112,0,PT15M10S,26
239,Le da el arranque y me cambia los muebles del salón 😱 tira para proteger la pared de las sillas,2024-10-26T16:55:48Z,17343,1819,198,0,PT13M41S,26
240,Regalos para la mujer que me ayuda en casa 🏡 😃❤️,2024-10-22T12:12:13Z,35911,1750,103,0,PT32S,26
241,📢 Como cambiar la energía del día 😃,2024-10-21T07:55:11Z,4189,586,33,0,PT59S,26
242,3 pasos para limpiar tapicerías muy sucias 😱 pruebo vuestros trucos para las manchas,2024-10-20T16:13:31Z,9728,832,118,0,PT20M40S,26
243,📢 CAMBIO por poco DINERO en el SALÓN: pintura y cojines,2024-10-19T14:39:36Z,11800,1497,135,0,PT17M54S,26
244,Cafetera Delongui magnífica s: unboxing y review,2024-10-16T19:00:16Z,5932,894,99,0,PT18M,26
245,Noticias frescas 🌟 spoiler alert 📢 reformas en villacintika,2024-10-15T08:49:14Z,9606,1313,229,0,PT12M32S,26
246,Cambio RADICAL entrada😃 solución para los abrigos y despejar salón,2024-10-13T16:49:59Z,10707,1287,96,0,PT13M51S,26
247,Posibilidades para reformar la casa 🏡 Quiero comprar una autocaravana 🫣 cafeciko con Cintika,2024-10-12T11:10:15Z,13140,1516,292,0,PT24M54S,26
248,Alguien sabe pintarse con kohol? Yo desde luego no,2024-10-11T16:11:43Z,5900,584,29,0,PT33S,26
249,Super compra de otoño en el Action 🎃,2024-10-09T16:36:37Z,3771,565,27,0,PT12M47S,26
250,La fama que tenemos los españoles en Europa 😅,2024-10-07T17:00:21Z,30037,1537,66,0,PT54S,26
251,"Café con chismes, todos los días por la mañana 😃",2024-10-07T11:01:07Z,3238,430,13,0,PT33S,26
252,"Cafeciko con chismes: videos repetidos, limpiar tapicerías",2024-10-07T07:56:32Z,7256,1083,217,0,PT19M35S,26
253,Limpiar con niños es casa no cunde,2024-10-06T12:27:18Z,5106,487,16,0,PT19S,26
254,Compra en Colruit Bélgica 🛒 hay que comer pescado 1 día a la semana por lo menos,2024-10-06T12:00:08Z,5282,794,50,0,PT9M42S,26
255,Limpia conmigo: Mi rutina de limpieza básica diaria con 6 niños,2024-10-05T19:00:29Z,5138,789,51,0,PT13M41S,26
256,Vas a amarla o vas a venderla? 😅,2024-10-04T14:59:19Z,25470,1345,56,0,PT58S,26
257,Hay dos modos de vivir: lo que he aprendido al emigrar,2024-10-03T16:46:51Z,3859,586,20,0,PT56S,26
258,Cómo recuperar un cazo muy quemado ✅️ limpiar leche quemada,2024-10-02T19:00:10Z,3169,382,39,0,PT8M41S,26
259,¿Me he arrepiento de emigrar a Bélgica?,2024-10-02T07:12:25Z,6404,725,36,0,PT59S,26
260,¿Pagar alquiler es tirar el dinero? ¿es mejor comprar?,2024-10-01T08:11:11Z,8857,1234,199,0,PT11M17S,26
261,Me preguntáis cosas de los niños 👦,2024-09-30T09:43:07Z,15884,978,38,0,PT1M1S,26
262,Vas a amarla o vas a venderla en versión alquiler 😃💰✅️,2024-09-30T07:58:05Z,13247,1554,271,0,PT17M54S,26
263,Tienda de segunda mano: encuentro antigüedades preciosas ¡a menos de 1 euro!,2024-09-29T13:58:54Z,6129,869,58,0,PT11M7S,26
264,El pan de hoy en día ya no es lo que era,2024-09-29T13:57:34Z,3705,383,18,0,PT1M1S,26
265,Para 1 ama de casa cuantos más ayudantes mejor: Robot aspirador Ultenic D10 #unboxing #review,2024-09-28T19:00:31Z,7780,987,189,0,PT24M26S,26
266,Lo peor de ser madre de 6,2024-09-28T11:40:56Z,8779,831,27,0,PT1M1S,26
267,Menos mal que a mi me gusta todo: probando chocolates negros,2024-09-27T11:20:36Z,5118,487,30,0,PT1M1S,26
268,¡Cafeciko con Cintika en directo! Recetas para apretar el fin de mes 💰😃,2024-09-26T08:30:41Z,6743,906,269,0,PT26M36S,26
269,Tiendas de segunda mano en Bélgica: buscamos cama para los niños ❤️,2024-09-25T19:00:01Z,4425,668,30,0,PT7M48S,26
270,Action en Holanda: ¡Navidad en septiembre! comiendo chocolate en el coche 🚗 😋,2024-09-22T13:30:01Z,4966,705,40,0,PT11M30S,26
271,Casa preciosa por 1400€ 🏡 chismes varios y sopiler,2024-09-17T08:49:57Z,12434,1658,185,0,PT16M9S,26
272,"Compras en Holanda: Jumbo, Action y gasolina  ⛽️",2024-09-15T10:09:43Z,4247,673,44,0,PT5M56S,26
273,Compra en Mecadona para llevar a Bélgica 💚🍍 Felicidad y nostalgia 😍,2024-09-13T19:00:21Z,6866,817,37,0,PT5M43S,26
274,viernes 13: el día empieza un poco quemado 🙈 tenemos que normalizar la educación y la bondad,2024-09-13T11:05:13Z,10420,1287,389,0,PT26M42S,26
275,A buenos entendedores pocas palabras bastan 😅,2024-09-10T15:37:41Z,6456,733,70,0,PT26S,26
276,Cosmética natural Marroquí 🇲🇦 ¿tiene controles sanitarios?,2024-09-03T09:13:43Z,7477,927,159,0,PT18M40S,26
277,Supermercado de barrio en Marruecos vacío y zoco lleno 💰 el precio manda!,2024-09-02T18:47:27Z,5473,703,43,0,PT8M14S,26
278,"Tiendas y compras en Marruecos, cosmética, bodas, mercado, comestibles, ....",2024-08-30T13:44:28Z,7915,895,57,0,PT10M21S,26
279,Mi rutina de limpieza en Marruecos,2024-08-28T19:00:31Z,7637,867,75,0,PT15M11S,26
280,Que cuesta comprar una propiedad en Marruecos  💰 ya no se puede hablar de nada,2024-08-26T08:42:55Z,17865,1754,441,0,PT21M56S,26
281,COMPRA de ropa en el zoco en Marruecos 🛍🇲🇦 Tanger,2024-08-25T13:00:31Z,11499,875,72,0,PT6M12S,26
282,Mi piso en Marruecos 🥰🇲🇦 limpiando de otra forma 😃🪠,2024-08-24T19:00:31Z,9337,843,48,0,PT6M9S,26
283,"El famoso barreno rosa 😆 tenemos dos, charla de café de lunes a viernes ❤️☕️",2024-08-24T11:19:03Z,8637,972,83,0,PT4M4S,22
284,Compra en bazar chino ¡en España!,2024-08-19T16:58:30Z,4146,478,38,0,PT10M1S,26
285,"Compras para viaje y vacaciones en el Action, Bélgica 😃",2024-08-15T19:00:11Z,1573,226,20,0,PT12M54S,26
286,Supercompra en el Action de Bélgica !248€!,2024-08-13T15:01:00Z,2495,360,25,0,PT13M40S,26
287,Mi compra en una tienda de segunda mano y mercadillo 😃 ¡chollos!,2024-08-11T13:00:12Z,3110,471,30,0,PT12M33S,26
288,Mercado de las pulgas y tienda de segunda mano en Bélgica: Kringwinkel,2024-08-06T13:00:53Z,1896,306,24,0,PT8M14S,26
289,Compra Decatlon y Stock Americain cosas de camping 😃❤️,2024-07-31T19:00:07Z,2065,335,25,0,PT12M59S,26
290,"Mis compras en Vinted, a veces triunfas a veces no 😔",2024-07-22T18:00:02Z,3271,451,40,0,PT4M32S,26
291,Limpiando la cocina y la zona del café ☕️,2024-07-20T12:57:19Z,3116,477,46,0,PT13M12S,26
292,Jabón líquido casero para lavadora y multiusos con nueces de lavado y jabón Beltrán 💙,2024-07-15T19:00:08Z,2322,354,29,0,PT8M40S,26
293,Limpiar tapizados con Karcher 🤩,2024-06-29T16:30:38Z,10866,587,35,0,PT1M1S,26
294,Mis últimas compras Amazon y Ali express🛍 y otros productos que llevo tiempo usando RECOMENDADO,2024-06-25T18:42:07Z,3493,488,47,0,PT17M36S,26
295,🔵 Así tenían el armario mis hijos ¿tus hijos lo hacen solos o se lo organizas tu?,2024-04-17T18:10:30Z,7703,873,64,0,PT10M1S,26
296,🟢 Tienda de segunda mano zona de menaje-hogar 😃😍,2024-04-03T19:16:46Z,11241,1049,65,0,PT16M38S,26
297,🟣 Limpio la mini cocina de 8 personas por la noche,2024-03-22T14:14:00Z,7988,958,52,0,PT15M44S,26
298,🟢 Tienda de segunda mano en Bélgica: muchas antigüedades 😃,2024-03-06T18:50:00Z,6479,807,42,0,PT11M38S,26
299,🔵 Alfombra muy sucia 😲 cómo la limpio en mi patio,2024-02-26T19:50:00Z,5774,722,77,0,PT11M11S,26
300,🟣  Limpiando la casa tras semanas de virus en casa 😷,2024-02-22T15:52:30Z,10124,1156,119,0,PT15M58S,26
301,"🟢 SOMOS RICOS ¡Mesa a 0,50€! Tienda de segunda mano ✋️mueble para mis cosas de costura 😃",2024-02-19T12:32:02Z,14135,1356,68,0,PT12M4S,26
302,🟢 Sección hogar en el Action y cosas que utilizo en mi casa 🏡,2024-02-12T19:23:00Z,10468,1129,77,0,PT10M52S,26
303,"🟡 RESTAURACIÓN de un MUEBLE viejo 😃 lo que ves no es real, depende con que la compares",2024-01-30T19:00:20Z,9947,1156,134,0,PT30M35S,26
304,🔵 Organizo mi armario con cajas de tela 😃,2024-01-28T17:26:37Z,9809,1199,125,0,PT31M14S,26
305,🟣 Lo limpio muy poco 😬  sacando brillo a techos de madera 🕷 pelea con arañas,2024-01-25T19:38:27Z,11211,967,144,0,PT27M39S,26
306,🟣 Limpiando mientras os cuento cosas después del fin de semana intenso con niños en casa,2024-01-22T18:57:26Z,8797,1068,90,0,PT18M36S,26
307,🔵 Rincón de TÉ y CAFÉ ☕️ mis cafeteras raras 👀,2024-01-16T18:00:14Z,6637,934,82,0,PT8M1S,26
308,🟡 CAMBIO RADICAL de la entrada ¡Por fuera! pinto el buzón y no combina 😅,2024-01-15T18:02:14Z,15085,1737,252,0,PT17M38S,26
309,🟡 Charlamos  mientras abro PAQUETES! 😃 Que CAMBIOS voy a hacer en CASA el próximo mes 🏡 🩷,2024-01-12T18:29:04Z,9410,1193,120,0,PT13M29S,26
310,🟣 Limpieza después de vacaciones mientras os cuento chismes 😃🩷 ¿vender el coche? ¿Truco para dormir?,2024-01-08T19:27:12Z,14254,1314,134,0,PT32M21S,26
311,¡La casa de mis sueños! 😲 Home tour de nuestra casa de vacaciones en Francia 😃🩷🇨🇵,2024-01-05T18:00:04Z,18648,1626,138,0,PT10M33S,26
312,🟣 Doblando montañas de ropa 😱 colada de familia numerosa con 6 hijos,2024-01-03T18:00:15Z,7636,1041,127,0,PT9M32S,26
313,🟢 Banco para la entrada ¡con sorpresa!: almacenaje para cosas de invierno 😃,2023-12-29T18:32:10Z,12581,1266,111,0,PT21M8S,26
314,🔵 Encuentro tesoros limpiando el rincón del congelador 😃 vamos a depurar la casa antes del 2024,2023-12-26T19:35:52Z,13229,1192,69,0,PT19M12S,26
315,🟣 En estas fechas se pasan muchas horas en la cocina  cocinando y limpiando 😅,2023-12-24T19:06:00Z,10903,1088,103,0,PT18M47S,26
316,🟣 Último día que limpio sin niños pequeños 🤐 nos hemos acomodado a esta casa 🏡 2 formas de limpiar,2023-12-22T18:30:20Z,12540,1137,114,0,PT25M11S,26
317,🟢 ¡7 en 1! Olla eléctrica programable de acero inoxidable 👍💡,2023-12-19T19:02:13Z,13837,1084,146,0,PT27M6S,26
318,🟡 Hay que eliminar el ruido visual 😵 consejo de mis suscriptoras: visillo tapar las cazuelas ✨️,2023-12-18T15:31:28Z,9885,1040,141,0,PT21M37S,26
319,🟢 Cómo hacer JABÓN LÍQUIDO para la LAVADORA 😃Todo sobre las nueces de lavado,2023-12-15T15:10:26Z,5349,519,50,0,PT13M44S,26
320,🟣 Limpia conmigo después de los virus🦠Saco brillo a los jarrones 💐 Los detalles hacen un hogar,2023-12-13T16:54:57Z,8875,929,54,0,PT17M44S,26
321,"🟢Jabón natural, económico y ecológico! ¡descubrimiento!¿funciona? nueces de lavado #unboxing #review",2023-12-11T19:00:02Z,5388,540,57,0,PT4M54S,26
322,🔵 Toca limpiar la estantería de los electrodomésticos y cazuelas 🙈 el negro es mal color conel polvo,2023-12-08T19:16:49Z,8079,816,90,0,PT16M14S,26
323,Cómo limpiar grasa quemada antigua: bandeja de horno MUY SUCIA con el truco del film 😱,2023-12-07T20:13:20Z,10744,717,171,0,PT25M42S,26
324,🔵 Decoración de la entrada y Solución para ordenar el calzado de familia numerosa 😃  botas de Vinted,2023-12-06T17:53:59Z,13315,1270,122,0,PT33M45S,26
325,🟢17 Cacharros de cocina:  ¿trasto o tesoro? Os enseño las guarrerias de mi casa 🙈,2023-12-05T20:48:40Z,9813,1044,108,0,PT10M14S,26
326,🔵 ¡Ordeno el calzado de 8 personas! Empezamos con la depuración de la casa ¡A tirar!,2023-12-04T19:39:56Z,10731,1063,140,0,PT29M28S,26
327,🔴Cómo hacer un empalme de tuberías y no morir en el intento 😅 pruebo todo lo que encuentro,2023-12-01T18:30:42Z,7078,805,79,0,PT10M4S,26
328,🟡 Dar un aire moderno a un mueble viejo 😃 De chapucita en chapucita voy arreglando mi casita,2023-11-30T20:34:30Z,17112,1528,326,0,PT32M22S,26
329,🔵 Ya tocaba limpieza de filtros de la secadora ¡No secaba bien!,2023-11-29T20:44:28Z,8172,579,82,0,PT24M21S,26
330,🟢3 años esperando este momento: ¡compramos un lavavajillas de oferta! 😱 lo instalo mal pero funciona,2023-11-28T19:37:11Z,17122,1253,209,0,PT26M51S,26
331,🔴 Truco para cerrar los paquetes que se quedan a medias de plástico con las planchas ¡termosellado!,2023-11-27T15:24:18Z,3335,413,46,0,PT2M49S,26
332,🟡 Renovación de las ventanas: pintura y limpieza 🩵 a mano y a máquina,2023-11-24T13:30:08Z,14197,1277,117,0,PT30M12S,26
333,🔴 ¿Silicona que está negra de moho? Truco infalible para limpiar la silicona de moho por la humedad,2023-11-22T13:38:30Z,42835,1255,102,0,PT9M34S,26
334,🟢 Flores para decorar la casa 😃 Sluis (Holanda)📌,2023-11-20T13:30:08Z,5475,706,74,0,PT9M46S,26
335,🟣 Mientras limpio mi casa escucho vídeos de crecimiento personal ⚘️,2023-11-17T20:44:56Z,5569,644,76,0,PT14M11S,26
336,"Cómo limpiar los fuegos de cocinar que tienen grasa antigua y quemada, manchas amarillas",2023-11-15T17:39:14Z,11195,921,127,0,PT15M12S,26
337,🔴Pruebo estos dos productos en las juntas de mi cocina y el acero inoxidable 😃🧼,2023-11-13T14:26:52Z,8123,702,158,0,PT16M13S,26
338,🔵La que habían liado los niños en la estantería 🙃Ordeno los libros 😃📚 cuesta más ponerse que hacerlo,2023-11-10T17:04:55Z,6959,756,49,0,PT16M55S,26
339,"🔵Limpieza y organización del baño, ordeno cremas y productos del pelo 😃",2023-11-08T17:56:34Z,8792,870,105,0,PT21M55S,26
340,🟣 Limpieza después de 7 días con 6 niños sin cole 🙃 las madres no podemos fallar 😔aceite en la mesa,2023-11-06T20:24:53Z,19633,1233,157,0,PT32M18S,26
341,🟡🚲 ¡Mi nueva Bicicleta eléctrica! La monto sola con un tutorial 😃 DYU C6 #unboxing #review,2023-11-01T12:17:03Z,6144,750,120,0,PT29M13S,26
342,🟣 Domingo limpiando la cocina tranquila 🤩 pensando poner lavavajillas 🤔,2023-10-29T17:24:06Z,11835,1044,137,0,PT12M,26
343,🟡 Compras para decoración de cambio de estación del salón ⛄️❄️,2023-10-27T16:38:02Z,7184,815,115,0,PT12M39S,26
344,🟣 El gusto de verlo todo recogido y limpio no tiene precio 😍 Limpiando el salón: cortinas y fundas,2023-10-25T16:50:16Z,12872,1274,171,0,PT14M31S,26
345,Reforma de la cocina por poco dinero 😃 encontramos un billete antiguo al desmontar,2023-09-18T18:50:06Z,23723,1825,238,0,PT37M39S,26
346,Redecorar HABITACIÓN de NIÑA con MUEBLES de SEGUNDA MANO 😃,2023-02-27T15:27:21Z,24896,2003,168,0,PT10M53S,26
347,CAMBIO RADICAL de mi SALÓN con bajo presupuesto 😱 muchas tiendas de SEGUNDA MANO y CARREFOUR hogar,2023-02-16T18:39:03Z,22512,1786,136,0,PT16M7S,26
348,Tips de decoración de mi madre ❤️ HOUSE TOUR con detalles,2022-07-18T11:47:11Z,19244,1948,219,0,PT8M37S,26
349,"Avances en el PATIO / JARDÍN: pinto MURAL decorativo, PLANTAS, HUERTO en tiestos, bici- MACETERO,...",2022-05-27T19:02:00Z,19702,2119,327,0,PT16M22S,26
350,"Arreglando el JARDÍN con mi MADRE: malas hierbas, basura, banco nuevo, trasplantando...",2022-05-03T19:04:57Z,19349,2089,205,0,PT17M14S,26
351,ORGANIZACIÓN PROFESIONAL de la DESPENSA 📦 UNBOXING luces EZVALO,2022-04-07T16:28:12Z,25061,2305,350,0,PT21M20S,26
352,CAMBIO RADICAL en la COCINA ¡con VINILOS! Reformas sin obras 4,2022-04-02T20:07:46Z,39473,3268,698,0,PT35M18S,26
353,SUELO Y DESPENSA: REFORMA de la cocina sin obras parte 3,2022-03-27T14:01:47Z,31635,2590,369,0,PT28M,26
354,Esto me ha CAMBIADO la VIDA 😃 comprar COMIDA por el RECIPIENTE 🏺 ¡DESCUBRIMIENTO! 😱,2022-03-18T19:42:04Z,18991,1576,132,0,PT15M52S,26
355,RENOVACIÓN de la COCINA: los MUEBLES NUEVOS de IKEA / REFORMAS SIN OBRAS PARTE 2,2022-03-15T19:16:36Z,36601,2985,550,0,PT16M21S,26
356,Transformación de baño en despensa / reorganización de la cocina / REFORMA SIN OBRAS PARTE 1,2022-03-09T19:13:51Z,37205,2748,435,0,PT20M9S,26
357,💡 IDEAS para reformar tu DORMITORIO con bajo presupuesto ¡80€! ¡CAMBIO RADICAL! 😲,2022-02-20T13:21:41Z,26982,2778,670,0,PT19M26S,26
358,Mi marido va a la compra: le mando a por leche y gasta 137€ 😱,2022-01-15T19:53:32Z,22137,1505,159,0,PT19M18S,26
359,Rachid limpia la alfombra de lana al estilo marroquí,2021-08-25T19:42:48Z,18646,1276,188,0,PT20M36S,26
360,"Compra mensual familia numerosa parte 1, cómo está la despensa de emergencia, Delaize 126€",2021-01-29T19:04:26Z,23571,2038,207,0,PT11M11S,26
361,"Microondas del Lidl, Silver Crest 59,99€, unboxing y review + chiste de matrimonios",2021-01-21T19:04:55Z,36087,1761,228,0,PT16M15S,26
362,"Cambios en el salón: alfombra árabe hecha a mano de lana virgen de segunda mano, compra y limpieza",2021-01-19T20:51:24Z,23394,2014,242,0,PT18M50S,26
363,Monto la habitación del bebe: me regalan un cambiador ¡estamos listos! 🤰👶🦄🐣🍼,2021-01-09T19:49:46Z,31265,2393,299,0,PT11M27S,26
364,Monto la cuna de Jane babyside super embarazada 🤰¡todo listo para la llegada del bebé!,2021-01-05T18:34:31Z,40422,1980,256,0,PT18M9S,26
365,Cafetera Dolce Gusto Piccolo XS / unboxing y review,2020-12-19T19:33:35Z,28369,1970,356,0,PT17M10S,26
366,Compramos mueble del salón de segunda mano y movemos los muebles de toda la casa 😃🤩,2020-12-09T19:45:28Z,36200,2902,333,0,PT11M5S,26
367,"Ordenando mi armario, cambio de temporada,  premamá / musulmana",2020-11-10T20:52:13Z,22731,1887,234,0,PT24M54S,26
368,Despensa de emergencias para familia muy numerosa: 220€ +160€ de congelador,2020-11-07T20:04:27Z,41281,3166,452,0,PT30M25S,26
369,"Que Cosas hemos dejado atrás al emigrar, ejercicio de desapego, grabado el 4 de agosto",2020-08-22T18:59:54Z,29116,2260,342,0,PT11M37S,26
370,"Compra grande de fondo de despensa en Lidl, empezando de 0",2020-08-17T19:05:41Z,30882,2082,203,0,PT8M42S,26
371,Primera compra después de emigrar: menaje y comida en Action y Lidl (210€),2020-08-08T18:13:00Z,34064,2165,230,0,PT11M45S,26
372,"Cómo limpiar campana o extractor de humos, 2 métodos",2020-06-09T23:53:47Z,24809,538,59,0,PT10M7S,26
373,Preparativos para emigrar ¿Me adaptaría bien a otro país? Yunes rezando 😍 Un día hogareño,2020-02-01T19:04:04Z,22045,1354,300,0,PT13M51S,22
374,Es tiempo de cítricos / limpiadores caseros con las pieles,2019-11-28T20:09:45Z,2824,259,49,0,PT10M3S,27
375,Estufa eléctrica con efecto fuego,2019-11-26T20:16:08Z,56622,720,132,0,PT5M36S,26
376,Cómo limpiar los hornillos de la cocina sólo con limon! quitar lo negro de los tajine ¡Sorprendente!,2019-11-24T21:00:36Z,3848,259,48,0,PT11M8S,27
377,Jabón líquido para la lavadora con pastillas del Mercadona,2019-11-17T18:45:07Z,32683,603,82,0,PT6M21S,27
378,Cómo limpio la parrilla de los fuegos,2019-10-31T20:54:39Z,77425,587,55,0,PT2M20S,26
379,Cómo Limpiar HORNILLOS de gas con bicarbonato y agua oxigenada,2019-10-28T20:00:59Z,209206,1909,118,0,PT5M44S,26
380,Cómo hacer JABÓN líquido para la LAVADORA ¡muy barato!,2019-10-23T19:00:32Z,34850,958,134,0,PT11M53S,26
381,Como limpio tapiceria de sillas muy sucias con triple A (Amoniaco+Alcohol+Agua),2019-10-21T14:31:09Z,36871,462,92,0,PT12M7S,26
382,Limpieza de cocina a fondo ¿decoramos un poco? Reto mejorando rincones del hogar,2019-09-08T18:52:30Z,8980,449,91,0,PT7M11S,26
383,"Limpiando y ordenando la Despensa. Reto decorando rincones del hogar, segundo rincón ✌",2019-08-25T12:29:32Z,10557,516,109,0,PT14M43S,26
384,Unboxing Cortina para la cocina aislante. Reto mejorando rincones de casa #lowcost 14€,2019-08-22T10:54:58Z,6665,357,99,0,PT4M41S,26
385,Cómo limpiar cocina de fuegos de gas,2019-08-04T21:31:56Z,91602,527,60,0,PT4M27S,26
386,"Cómo limpiar la grasa quemada de las cazuelas, pruebo todos los trucos",2019-08-03T11:13:26Z,3214,172,64,0,PT11M13S,27
387,Cómo LIMPIAR LA PLATA con 3 métodos ¿cuál será el mejor?,2019-07-17T11:20:33Z,3672,175,49,0,PT8M35S,26
388,¡Novedad! Aparato para quitar el SARRO en casa. Lo pruebo en el vídeo y os enseño si funciona,2019-01-21T14:39:12Z,43136,209,22,0,PT6M32S,26
389,"Cómo hacer SUAVIZANTE para la lavadora casero y barato, reacción que se me va de las manos",2018-12-22T16:15:51Z,16484,285,22,0,PT6M22S,27
390,"Cómo lavar la ropa sin jabón, alternativas para poner la lavadora, más barato y/o más ecológico",2018-12-09T13:28:08Z,8713,177,26,0,PT3M4S,26
391,Cómo quitar el ÓXIDO muy FÁCIL con productos NATURALES,2018-09-30T09:09:41Z,203530,2082,72,0,PT3M3S,27
392,Cómo quitar el moho de la pared sin frotar super fácil.  Sólo pulverizar con lejia #trucodelimpieza,2018-09-28T07:33:46Z,8558,149,18,0,PT2M3S,27
393,Cómo hacer JABÓN LÍQUIDO para la LAVADORA ¡con sólo 2 ingredientes! En la Thermomix,2018-03-22T09:17:48Z,403370,3998,167,0,PT7M39S,27
394,"Cómo funciona la THERMOMIX, PROS y CONTRAS (modelo antiguo TM31) ¿merece la pena la inversión?",2018-03-21T11:24:49Z,82969,485,46,0,PT5M36S,26
395,"Cómo lavo con el jabón casero, vinagre por suavizante",2017-03-28T13:54:37Z,8679,125,7,0,PT2M18S,27
396,Hacer JABÓN líquido casero para la LAVADORA ¡muy fácil!,2017-03-26T15:43:07Z,416556,3193,125,0,PT7M44S,27
397,"PAÑALES de TELA, pros y contras, características, limpieza",2017-03-24T12:35:05Z,15091,178,32,0,PT11M38S,22
398,RENOVAR un SOFÁ cama de IKEA confeccionado cojines para hacerlo más CÓMODO,2017-03-17T12:31:46Z,26229,318,29,0,PT12M7S,22
399,9 tips Montessori para ordenar los JUGUETES #organizarjuguetes,2017-03-14T19:14:56Z,7119,58,6,0,PT7M18S,27
400,Cómo ordeno la ROPA de los NIÑOS con el método de Marie Kondo #konmari,2017-03-12T10:30:09Z,9195,114,3,0,PT6M34S,22
401,Cómo HACER UN LIMPIADOR multiusos fuerte: el triple A #quitamanchas,2017-01-28T11:32:12Z,61674,785,39,0,PT3M7S,27
402,Cómo poner vinilo para renovar los muebles de la cocina 2,2016-12-15T11:28:48Z,22019,104,5,0,PT1M4S,26
403,Cómo poner vinilo para renovar la cocina 1,2016-12-15T11:19:30Z,11175,178,23,0,PT3M1S,26
